id;nom;email
1;Dupont Jean;jean.dupont@email.com
2;Martin Alice;alice.martin@email.com
3;Bernard Thomas;thomas.bernard@email.com
4;Petit Claire;claire.petit@email.com
5;Robert Hugo;hugo.robert@email.com
6;Durand Léa;lea.durand@email.com
7;Moreau Lucas;lucas.moreau@email.com
8;Laurent Emma;emma.laurent@email.com
9;Simon Paul;paul.simon@email.com
10;Rousseau Chloé;chloe.rousseau@email.com
